id,title,description,price,year,mileage,images,specs,created_at,updated_at,status,admin_token,videos,country_of_origin,engine_power
043d1298-d188-442a-a012-3076eaf880e5,Freelander 2.0 4x4,"Provenienta Olanda
Motor bmw
Aer conditionat functional
Geamuri si oglinzi electrice
Piele alcantara
Carlig remorcare 
Jante aluminiu cauciucuri noi
Cardan pe masina
Fara erori batai defecte
Vopsea originala",4300,2005,260000,"[""https://oyeslxindgbmargjjfox.supabase.co/storage/v1/object/public/car-images/1747216044507-enh5fn8ytqb.jpeg"",""https://oyeslxindgbmargjjfox.supabase.co/storage/v1/object/public/car-images/1747216049063-f0dt6c6ik25.jpeg"",""https://oyeslxindgbmargjjfox.supabase.co/storage/v1/object/public/car-images/1747216054294-9zijk10cnlb.jpeg"",""https://oyeslxindgbmargjjfox.supabase.co/storage/v1/object/public/car-images/1747216060013-z0i4gcevp5r.jpeg"",""https://oyeslxindgbmargjjfox.supabase.co/storage/v1/object/public/car-images/1747216065615-zc78xe4u38.jpeg"",""https://oyeslxindgbmargjjfox.supabase.co/storage/v1/object/public/car-images/1747216071043-p97k7kumsn.jpeg"",""https://oyeslxindgbmargjjfox.supabase.co/storage/v1/object/public/car-images/1747216076475-6dhkt4w8axu.jpeg"",""https://oyeslxindgbmargjjfox.supabase.co/storage/v1/object/public/car-images/1747216083607-ihj26jwttuh.jpeg"",""https://oyeslxindgbmargjjfox.supabase.co/storage/v1/object/public/car-images/1747216089676-ce8j95vsa58.jpeg"",""https://oyeslxindgbmargjjfox.supabase.co/storage/v1/object/public/car-images/1747216094236-88xyxn0x7eu.jpeg"",""https://oyeslxindgbmargjjfox.supabase.co/storage/v1/object/public/car-images/1747216099525-h9rhz5ps9vq.jpeg"",""https://oyeslxindgbmargjjfox.supabase.co/storage/v1/object/public/car-images/1747216104029-vcv6tbpw63m.jpeg"",""https://oyeslxindgbmargjjfox.supabase.co/storage/v1/object/public/car-images/1747216109525-65w2ztm0nm7.jpeg"",""https://oyeslxindgbmargjjfox.supabase.co/storage/v1/object/public/car-images/1747216114921-p7n6sy9urua.jpeg"",""https://oyeslxindgbmargjjfox.supabase.co/storage/v1/object/public/car-images/1747216120817-ymjt8296x9c.jpeg""]","{""engine"": ""1995"", ""payload"": ""700"", ""fuelType"": ""Diesel"", ""cargoSpace"": ""234"", ""transmission"": ""Manual 5+1""}",2025-05-14 09:50:55.829131+00,2025-05-14 09:50:55.829131+00,available,nt12gcw,[],,
12583fd2-e07c-4c8c-82ae-e4cd1ce8c4c3,Transit 2.0 tddi 6 locuri lada,"Fara rugina
Motor clasic nu comon rail
Jante antimoniu cauciucuri noi
Carlig remorcare
Lazi depozitare
Obloane aluminiu
Lada 270 cm",5000,2006,360000,"[""https://oyeslxindgbmargjjfox.supabase.co/storage/v1/object/public/car-images/1747215403767-w94jllanfqi.jpeg"",""https://oyeslxindgbmargjjfox.supabase.co/storage/v1/object/public/car-images/1747215416451-x0ya0u6boo.jpeg"",""https://oyeslxindgbmargjjfox.supabase.co/storage/v1/object/public/car-images/1747215427588-9xb2k0ebzig.jpeg"",""https://oyeslxindgbmargjjfox.supabase.co/storage/v1/object/public/car-images/1747215437209-v43w3v6i8k.jpeg"",""https://oyeslxindgbmargjjfox.supabase.co/storage/v1/object/public/car-images/1747215440085-t8s5k99u2bn.jpeg"",""https://oyeslxindgbmargjjfox.supabase.co/storage/v1/object/public/car-images/1747215442840-klcfoj1sxdl.jpeg"",""https://oyeslxindgbmargjjfox.supabase.co/storage/v1/object/public/car-images/1747215445484-cii6wvno77l.jpeg"",""https://oyeslxindgbmargjjfox.supabase.co/storage/v1/object/public/car-images/1747215448358-gu3bzj6hf1s.jpeg"",""https://oyeslxindgbmargjjfox.supabase.co/storage/v1/object/public/car-images/1747215451692-76jvtiy5pfu.jpeg"",""https://oyeslxindgbmargjjfox.supabase.co/storage/v1/object/public/car-images/1747215454636-mpdzxq0emvb.jpeg"",""https://oyeslxindgbmargjjfox.supabase.co/storage/v1/object/public/car-images/1747215458137-wi9vk28dmh.jpeg"",""https://oyeslxindgbmargjjfox.supabase.co/storage/v1/object/public/car-images/1747215461776-k2z0u1mqd9c.jpeg"",""https://oyeslxindgbmargjjfox.supabase.co/storage/v1/object/public/car-images/1747215464195-3n29cc7nfps.jpeg"",""https://oyeslxindgbmargjjfox.supabase.co/storage/v1/object/public/car-images/1747215466229-y2jfgv1984.jpeg"",""https://oyeslxindgbmargjjfox.supabase.co/storage/v1/object/public/car-images/1747215469142-311f7ea9l89.jpeg"",""https://oyeslxindgbmargjjfox.supabase.co/storage/v1/object/public/car-images/1747215471600-4oq2e8rip7u.jpeg"",""https://oyeslxindgbmargjjfox.supabase.co/storage/v1/object/public/car-images/1747215473558-w70q58ceo3.jpeg"",""https://oyeslxindgbmargjjfox.supabase.co/storage/v1/object/public/car-images/1747215476066-p44rx63q5zo.jpeg"",""https://oyeslxindgbmargjjfox.supabase.co/storage/v1/object/public/car-images/1747215479227-63d8ok3ns57.jpeg"",""https://oyeslxindgbmargjjfox.supabase.co/storage/v1/object/public/car-images/1747215482753-uf1lxbjrij.jpeg""]","{""engine"": ""1995"", ""payload"": ""1200"", ""fuelType"": ""Diesel"", ""cargoSpace"": ""L245 / l195"", ""engine_power"": ""90"", ""transmission"": ""Manual 5+1"", ""country_of_origin"": ""Olanda""}",2025-05-14 09:40:06.387359+00,2025-05-22 17:12:52.524319+00,available,nt12gcw,[],,
3e77ce7a-1533-423a-ab47-ce89e5222e30,Caddy 1.9 maxy,"Cauciucuri 80%
Carlig remorcare
Navigatie mare android
Aer conditionat
Geamuri si oglinzi electrice
Pilot automat",4000,2010,230000,"[""https://oyeslxindgbmargjjfox.supabase.co/storage/v1/object/public/car-images/1747215655315-wvqd6yhicbb.jpeg"",""https://oyeslxindgbmargjjfox.supabase.co/storage/v1/object/public/car-images/1747215663724-2pirlwqzst8.jpeg"",""https://oyeslxindgbmargjjfox.supabase.co/storage/v1/object/public/car-images/1747215669945-nyb44qtll5d.jpeg"",""https://oyeslxindgbmargjjfox.supabase.co/storage/v1/object/public/car-images/1747215676105-ak9ul3cwz1.jpeg"",""https://oyeslxindgbmargjjfox.supabase.co/storage/v1/object/public/car-images/1747215681055-9nmytuy6mlh.jpeg"",""https://oyeslxindgbmargjjfox.supabase.co/storage/v1/object/public/car-images/1747215685837-46t7i0mxa2g.jpeg"",""https://oyeslxindgbmargjjfox.supabase.co/storage/v1/object/public/car-images/1747215691296-icpxvebekk.jpeg"",""https://oyeslxindgbmargjjfox.supabase.co/storage/v1/object/public/car-images/1747215700112-cec0esu47q9.jpeg"",""https://oyeslxindgbmargjjfox.supabase.co/storage/v1/object/public/car-images/1747215711458-rff3dsnr2kn.jpeg"",""https://oyeslxindgbmargjjfox.supabase.co/storage/v1/object/public/car-images/1747215732821-xtrn3o7w2qe.jpeg"",""https://oyeslxindgbmargjjfox.supabase.co/storage/v1/object/public/car-images/1747215741635-34q9jz08iqn.jpeg"",""https://oyeslxindgbmargjjfox.supabase.co/storage/v1/object/public/car-images/1747215749824-fb7j0x8m1f7.jpeg"",""https://oyeslxindgbmargjjfox.supabase.co/storage/v1/object/public/car-images/1747215760445-hbqe0fx5s9u.jpeg"",""https://oyeslxindgbmargjjfox.supabase.co/storage/v1/object/public/car-images/1747215771763-ol8o3suh8oe.jpeg""]","{""engine"": ""1895"", ""payload"": ""1000"", ""fuelType"": ""Diesel"", ""cargoSpace"": ""L230/ l145/ H125"", ""engine_power"": ""105"", ""transmission"": ""Manual 5+1"", ""country_of_origin"": ""Olanda""}",2025-05-14 09:43:54.020009+00,2025-05-22 17:11:47.413605+00,available,nt12gcw,[],,
3eff46a0-803c-463f-80fd-11b36db047e7,Sprinter 319 5 locuri,"Km demonstrabili
7 locuri in acte
Incalzire in scaune
Varianta medie l2h2 de 190 cp
Jante aluminiu
Vopsea originala
Aer conditionat
Geamuri si oglinzi electrice",9000,2009,325000,[],"{""engine"": ""2995"", ""payload"": ""1200"", ""fuelType"": ""Diesel"", ""cargoSpace"": ""8"", ""transmission"": ""Automat""}",2025-05-14 18:19:23.542942+00,2025-05-15 08:36:13.056065+00,available,nt12gcw,[],,
3fbff7af-f0a3-4869-b969-e5b22aee8d2f,Opel Vivaro euro5,"Provenienta Olanda
Aer conditionat
Comenzi volan
Geamuri si oglinzi electrice
3 locuri in acte
Carlig remorcare
Fara rugina sau elemente revopsite
Culoare alb restul colant
",5700,2013,370000,"[""https://oyeslxindgbmargjjfox.supabase.co/storage/v1/object/public/car-images/1747145191960-xutaf4jfzjk.jpeg"",""https://oyeslxindgbmargjjfox.supabase.co/storage/v1/object/public/car-images/1747145194534-1toqrdmqn4m.jpeg"",""https://oyeslxindgbmargjjfox.supabase.co/storage/v1/object/public/car-images/1747145197058-93dl1dtxutv.jpeg"",""https://oyeslxindgbmargjjfox.supabase.co/storage/v1/object/public/car-images/1747145199156-fawt2j4bwxv.jpeg"",""https://oyeslxindgbmargjjfox.supabase.co/storage/v1/object/public/car-images/1747145201375-nb1ep2jxag.jpeg"",""https://oyeslxindgbmargjjfox.supabase.co/storage/v1/object/public/car-images/1747145203553-0w68bh4570um.jpeg"",""https://oyeslxindgbmargjjfox.supabase.co/storage/v1/object/public/car-images/1747145206101-4uhw56v9kwe.jpeg"",""https://oyeslxindgbmargjjfox.supabase.co/storage/v1/object/public/car-images/1747145208445-npgywii6no.jpeg"",""https://oyeslxindgbmargjjfox.supabase.co/storage/v1/object/public/car-images/1747145211610-wk46nhvf3h.jpeg"",""https://oyeslxindgbmargjjfox.supabase.co/storage/v1/object/public/car-images/1747145214850-knyjsda9zl9.jpeg"",""https://oyeslxindgbmargjjfox.supabase.co/storage/v1/object/public/car-images/1747145219045-3ewhbgx7r1b.jpeg"",""https://oyeslxindgbmargjjfox.supabase.co/storage/v1/object/public/car-images/1747145224069-bweyae0hp.jpeg"",""https://oyeslxindgbmargjjfox.supabase.co/storage/v1/object/public/car-images/1747145228768-531hy6mfo8.jpeg"",""https://oyeslxindgbmargjjfox.supabase.co/storage/v1/object/public/car-images/1747145232019-4i7oit4wym.jpeg"",""https://oyeslxindgbmargjjfox.supabase.co/storage/v1/object/public/car-images/1747145235447-731phxxx61l.jpeg""]","{""engine"": ""1995"", ""payload"": ""1100"", ""fuelType"": ""Diesel"", ""cargoSpace"": ""L240/ l165/ H137"", ""engine_power"": ""115"", ""transmission"": ""Manual 6+1"", ""country_of_origin"": ""Olanda""}",2025-05-13 14:09:45.786482+00,2025-05-22 17:18:22.313284+00,available,nt12gcw,[],,
47aa1249-eac2-492b-8693-d59b93dfee24,Iveco Daily euro6,"Fara erori batai defecte
Varianta xxl h3l4
Aer conditionat climatronic
3 locuri
Bulbare inox",14000,2018,390000,"[""https://oyeslxindgbmargjjfox.supabase.co/storage/v1/object/public/car-images/1747763965582-jpk8gn1psmi.jpeg"",""https://oyeslxindgbmargjjfox.supabase.co/storage/v1/object/public/car-images/1747763968652-g8zus4b7x1d.jpeg"",""https://oyeslxindgbmargjjfox.supabase.co/storage/v1/object/public/car-images/1747763971621-ivvm0lgfiv.jpeg"",""https://oyeslxindgbmargjjfox.supabase.co/storage/v1/object/public/car-images/1747763974079-edlpydicl4m.jpeg"",""https://oyeslxindgbmargjjfox.supabase.co/storage/v1/object/public/car-images/1747763977767-unxvftedwz.jpeg"",""https://oyeslxindgbmargjjfox.supabase.co/storage/v1/object/public/car-images/1747763980939-805bmv2m27.jpeg"",""https://oyeslxindgbmargjjfox.supabase.co/storage/v1/object/public/car-images/1747763984626-8m26wir9uhh.jpeg"",""https://oyeslxindgbmargjjfox.supabase.co/storage/v1/object/public/car-images/1747763988416-2tikccrjdsj.jpeg"",""https://oyeslxindgbmargjjfox.supabase.co/storage/v1/object/public/car-images/1747763991385-32twzlg4vwm.jpeg"",""https://oyeslxindgbmargjjfox.supabase.co/storage/v1/object/public/car-images/1747763994354-nyu4aa0ofhi.jpeg"",""https://oyeslxindgbmargjjfox.supabase.co/storage/v1/object/public/car-images/1747763997426-l2pf92m2k2.jpeg"",""https://oyeslxindgbmargjjfox.supabase.co/storage/v1/object/public/car-images/1747764000600-gkfc5sxm6xl.jpeg"",""https://oyeslxindgbmargjjfox.supabase.co/storage/v1/object/public/car-images/1747764004492-aq8ruv5da8s.jpeg"",""https://oyeslxindgbmargjjfox.supabase.co/storage/v1/object/public/car-images/1747764006949-qsmpcxfzho.jpeg"",""https://oyeslxindgbmargjjfox.supabase.co/storage/v1/object/public/car-images/1747764012277-b9i1g0mtrwq.jpeg"",""https://oyeslxindgbmargjjfox.supabase.co/storage/v1/object/public/car-images/1747764015553-7zgwtl1680s.jpeg"",""https://oyeslxindgbmargjjfox.supabase.co/storage/v1/object/public/car-images/1747764018111-caadutnzadv.jpeg"",""https://oyeslxindgbmargjjfox.supabase.co/storage/v1/object/public/car-images/1747764021081-9qjv8n577dm.jpeg"",""https://oyeslxindgbmargjjfox.supabase.co/storage/v1/object/public/car-images/1747764024461-o73ysib8z2b.jpeg""]","{""engine"": ""2300"", ""payload"": ""1400"", ""fuelType"": ""Diesel"", ""cargoSpace"": ""L470/ l175/ H190"", ""engine_power"": ""136"", ""transmission"": ""Automat"", ""country_of_origin"": ""Olanda""}",2025-05-14 18:10:23.899529+00,2025-05-22 16:28:36.513425+00,available,nt12gcw,[],,
5a5d76dd-a56d-47b7-944b-bc146af940e2,Vito 5 locuri euro5,"Vopsea originala
Carlig remorcare
Jante aluminiu
Aer conditionat
Geamuri si oglinzi electrice
Fara erori batai defecte
Varianta medie 163 cp",8000,2012,256000,"[""https://oyeslxindgbmargjjfox.supabase.co/storage/v1/object/public/car-images/1747764167494-ghwx74ku1xk.jpeg"",""https://oyeslxindgbmargjjfox.supabase.co/storage/v1/object/public/car-images/1747764170689-whm424kosu.jpeg"",""https://oyeslxindgbmargjjfox.supabase.co/storage/v1/object/public/car-images/1747764173760-nracyuo6rr.jpeg"",""https://oyeslxindgbmargjjfox.supabase.co/storage/v1/object/public/car-images/1747764177344-rfxciy6bfqp.jpeg"",""https://oyeslxindgbmargjjfox.supabase.co/storage/v1/object/public/car-images/1747764181135-4zqrhghz6rk.jpeg"",""https://oyeslxindgbmargjjfox.supabase.co/storage/v1/object/public/car-images/1747764184922-migb6ztzuh.jpeg"",""https://oyeslxindgbmargjjfox.supabase.co/storage/v1/object/public/car-images/1747764189121-8vzmvz29229.jpeg"",""https://oyeslxindgbmargjjfox.supabase.co/storage/v1/object/public/car-images/1747764192807-ekxymnxuah5.jpeg"",""https://oyeslxindgbmargjjfox.supabase.co/storage/v1/object/public/car-images/1747764197009-ypcensn2xcq.jpeg"",""https://oyeslxindgbmargjjfox.supabase.co/storage/v1/object/public/car-images/1747764200032-yvnsgmbwxq.jpeg"",""https://oyeslxindgbmargjjfox.supabase.co/storage/v1/object/public/car-images/1747764203252-n44qe3ac9h.jpeg"",""https://oyeslxindgbmargjjfox.supabase.co/storage/v1/object/public/car-images/1747764206016-bkv2rcl2e6a.jpeg"",""https://oyeslxindgbmargjjfox.supabase.co/storage/v1/object/public/car-images/1747764210215-51qsmfkqo45.jpeg"",""https://oyeslxindgbmargjjfox.supabase.co/storage/v1/object/public/car-images/1747764214721-nxner8rsh2.jpeg"",""https://oyeslxindgbmargjjfox.supabase.co/storage/v1/object/public/car-images/1747764218513-gnpy6h96at5.jpeg"",""https://oyeslxindgbmargjjfox.supabase.co/storage/v1/object/public/car-images/1747764222734-08or5rm6wfc.jpeg"",""https://oyeslxindgbmargjjfox.supabase.co/storage/v1/object/public/car-images/1747764226601-aprqyf5omje.jpeg""]","{""engine"": ""2200"", ""payload"": ""900"", ""fuelType"": ""Diesel"", ""cargoSpace"": ""L170/ l160/ H135"", ""engine_power"": ""163"", ""transmission"": ""Automat"", ""country_of_origin"": ""Olanda""}",2025-05-14 18:07:08.650749+00,2025-05-22 16:30:32.032045+00,available,nt12gcw,[],,
647a6235-6aae-406d-b613-5368edf2433e,Vito 9 locuri,"Fara erori batai defecte
Fara rugina sau elemente revopsite
8+1 locuri
Geamuri si oglinzi electrice",5000,2008,400000,"[""https://oyeslxindgbmargjjfox.supabase.co/storage/v1/object/public/car-images/1747213882662-7awhy6twcxf.jpeg"",""https://oyeslxindgbmargjjfox.supabase.co/storage/v1/object/public/car-images/1747213889333-io4a0sxbg4q.jpeg"",""https://oyeslxindgbmargjjfox.supabase.co/storage/v1/object/public/car-images/1747213897317-7yuuirwqjvt.jpeg"",""https://oyeslxindgbmargjjfox.supabase.co/storage/v1/object/public/car-images/1747213904560-b31tefutfy.jpeg"",""https://oyeslxindgbmargjjfox.supabase.co/storage/v1/object/public/car-images/1747213909708-v8bjp815hrs.jpeg"",""https://oyeslxindgbmargjjfox.supabase.co/storage/v1/object/public/car-images/1747213915057-0he94e11sulr.jpeg"",""https://oyeslxindgbmargjjfox.supabase.co/storage/v1/object/public/car-images/1747213919124-aqy6tn7l3en.jpeg"",""https://oyeslxindgbmargjjfox.supabase.co/storage/v1/object/public/car-images/1747213924344-eff882wb3vu.jpeg"",""https://oyeslxindgbmargjjfox.supabase.co/storage/v1/object/public/car-images/1747213929163-my8on3gdb3p.jpeg"",""https://oyeslxindgbmargjjfox.supabase.co/storage/v1/object/public/car-images/1747213934468-bs2eqv7olus.jpeg"",""https://oyeslxindgbmargjjfox.supabase.co/storage/v1/object/public/car-images/1747213939505-pi1h0es71l.jpeg"",""https://oyeslxindgbmargjjfox.supabase.co/storage/v1/object/public/car-images/1747213948989-ztnaksiirnk.jpeg"",""https://oyeslxindgbmargjjfox.supabase.co/storage/v1/object/public/car-images/1747213957209-p6lcttkh2s.jpeg"",""https://oyeslxindgbmargjjfox.supabase.co/storage/v1/object/public/car-images/1747213963603-169mgq6j5d9.jpeg""]","{""engine"": ""2195"", ""payload"": ""1000"", ""fuelType"": ""Diesel"", ""cargoSpace"": ""234"", ""transmission"": ""Manual 6+1""}",2025-05-14 09:13:15.418336+00,2025-05-14 09:13:15.418336+00,available,nt12gcw,[],,
68163912-61ee-4839-b440-6ef0f67c1100,Caddy sdi,"Vopsea originala
Aer conditionat
Geamuri si oglinzi electrice
Km originali
Fara erori batai defecte",3500,2006,170000,"[""https://oyeslxindgbmargjjfox.supabase.co/storage/v1/object/public/car-images/1747242402823-sgscx33794.jpeg"",""https://oyeslxindgbmargjjfox.supabase.co/storage/v1/object/public/car-images/1747242406133-vrs7ytwlr5.jpeg"",""https://oyeslxindgbmargjjfox.supabase.co/storage/v1/object/public/car-images/1747242408872-xuf0w8b6m7h.jpeg"",""https://oyeslxindgbmargjjfox.supabase.co/storage/v1/object/public/car-images/1747242411719-oskysgdf80n.jpeg"",""https://oyeslxindgbmargjjfox.supabase.co/storage/v1/object/public/car-images/1747242414660-l3bpkl5t8d.jpeg"",""https://oyeslxindgbmargjjfox.supabase.co/storage/v1/object/public/car-images/1747242417120-1oteyw8ah8p.jpeg"",""https://oyeslxindgbmargjjfox.supabase.co/storage/v1/object/public/car-images/1747242419699-t4t6s3e9l1.jpeg"",""https://oyeslxindgbmargjjfox.supabase.co/storage/v1/object/public/car-images/1747242423491-hmrcb13izna.jpeg"",""https://oyeslxindgbmargjjfox.supabase.co/storage/v1/object/public/car-images/1747242426573-y8yw85stw8n.jpeg"",""https://oyeslxindgbmargjjfox.supabase.co/storage/v1/object/public/car-images/1747242429175-r8qgg61a97.jpeg"",""https://oyeslxindgbmargjjfox.supabase.co/storage/v1/object/public/car-images/1747242431666-3q0gbuq91gt.jpeg"",""https://oyeslxindgbmargjjfox.supabase.co/storage/v1/object/public/car-images/1747242434602-q7cdcudd7.jpeg"",""https://oyeslxindgbmargjjfox.supabase.co/storage/v1/object/public/car-images/1747242439355-1o2afnpmdtp.jpeg"",""https://oyeslxindgbmargjjfox.supabase.co/storage/v1/object/public/car-images/1747242442044-5m70a8oz0ei.jpeg""]","{""engine"": ""1900"", ""payload"": ""1000"", ""fuelType"": ""Diesel"", ""cargoSpace"": ""L175/ l150/ H123"", ""engine_power"": ""80"", ""transmission"": ""Manual 5+1"", ""country_of_origin"": ""Olanda""}",2025-05-14 17:01:09.4103+00,2025-05-22 17:02:57.492173+00,available,nt12gcw,[],,
6ac2143d-752c-4f5f-898a-8e484cdc74ab,Vivaro euro4,"Fara batai erori defecte
Km originali
Geamuri si oglinzi electrice
Aer conditionat
Carlig remorcare",4000,2008,260000,"[""https://oyeslxindgbmargjjfox.supabase.co/storage/v1/object/public/car-images/1747764333451-pqgd4gfayvp.jpeg"",""https://oyeslxindgbmargjjfox.supabase.co/storage/v1/object/public/car-images/1747764336681-1x5rvbwwba3.jpeg"",""https://oyeslxindgbmargjjfox.supabase.co/storage/v1/object/public/car-images/1747764339241-1jdkd5zn14e.jpeg"",""https://oyeslxindgbmargjjfox.supabase.co/storage/v1/object/public/car-images/1747764341801-49i8dpnpffr.jpeg"",""https://oyeslxindgbmargjjfox.supabase.co/storage/v1/object/public/car-images/1747764344569-ty7lt1qvei9.jpeg"",""https://oyeslxindgbmargjjfox.supabase.co/storage/v1/object/public/car-images/1747764347126-twfuylvsr0f.jpeg"",""https://oyeslxindgbmargjjfox.supabase.co/storage/v1/object/public/car-images/1747764349890-93kezklx6z.jpeg"",""https://oyeslxindgbmargjjfox.supabase.co/storage/v1/object/public/car-images/1747764352655-hxcptp978it.jpeg"",""https://oyeslxindgbmargjjfox.supabase.co/storage/v1/object/public/car-images/1747764355420-42x8uqzgvxi.jpeg"",""https://oyeslxindgbmargjjfox.supabase.co/storage/v1/object/public/car-images/1747764358295-dcm8h4fip9m.jpeg"",""https://oyeslxindgbmargjjfox.supabase.co/storage/v1/object/public/car-images/1747764360851-kfnlvrkh1u.jpeg"",""https://oyeslxindgbmargjjfox.supabase.co/storage/v1/object/public/car-images/1747764364024-40fmdi5vvnm.jpeg"",""https://oyeslxindgbmargjjfox.supabase.co/storage/v1/object/public/car-images/1747764367097-k5mby9xc7yg.jpeg"",""https://oyeslxindgbmargjjfox.supabase.co/storage/v1/object/public/car-images/1747764370062-6tue41qolte.jpeg""]","{""engine"": ""2000"", ""payload"": ""1200"", ""fuelType"": ""Diesel"", ""cargoSpace"": ""L240/ l165/ H137"", ""engine_power"": ""115"", ""transmission"": ""Manual 6+1"", ""country_of_origin"": ""Olanda""}",2025-05-14 17:55:44.555719+00,2025-05-22 16:31:58.289901+00,available,nt12gcw,[],,
72d55a37-83d9-4c94-8d33-d99cd826cd2e,Vito 3 locuri,"Fara elemente revopsite
Carlig remorcare
Geamuri si oglinzi electrice
Model mediu",4500,2010,315000,"[""https://oyeslxindgbmargjjfox.supabase.co/storage/v1/object/public/car-images/1747239284651-1gu7umgnxe.jpeg"",""https://oyeslxindgbmargjjfox.supabase.co/storage/v1/object/public/car-images/1747239287671-iwas6x1ln7.jpeg"",""https://oyeslxindgbmargjjfox.supabase.co/storage/v1/object/public/car-images/1747239291893-oz89qpnzv5d.jpeg"",""https://oyeslxindgbmargjjfox.supabase.co/storage/v1/object/public/car-images/1747239295422-4kemsl4rvo.jpeg"",""https://oyeslxindgbmargjjfox.supabase.co/storage/v1/object/public/car-images/1747239298430-3ia0ivz2d52.jpeg"",""https://oyeslxindgbmargjjfox.supabase.co/storage/v1/object/public/car-images/1747239301526-cvuyp9wy7of.jpeg"",""https://oyeslxindgbmargjjfox.supabase.co/storage/v1/object/public/car-images/1747239304078-5qtkrberjvr.jpeg"",""https://oyeslxindgbmargjjfox.supabase.co/storage/v1/object/public/car-images/1747239306377-bq4tm0hor4u.jpeg"",""https://oyeslxindgbmargjjfox.supabase.co/storage/v1/object/public/car-images/1747239308884-kkmjr0h8dd.jpeg"",""https://oyeslxindgbmargjjfox.supabase.co/storage/v1/object/public/car-images/1747239311205-6741sx4czmi.jpeg"",""https://oyeslxindgbmargjjfox.supabase.co/storage/v1/object/public/car-images/1747239313769-9upkfuyh74.jpeg"",""https://oyeslxindgbmargjjfox.supabase.co/storage/v1/object/public/car-images/1747239316597-7wtt16kgh0b.jpeg"",""https://oyeslxindgbmargjjfox.supabase.co/storage/v1/object/public/car-images/1747239318866-ozxbe54a1i.jpeg"",""https://oyeslxindgbmargjjfox.supabase.co/storage/v1/object/public/car-images/1747239321351-4wy1ggjfz9a.jpeg"",""https://oyeslxindgbmargjjfox.supabase.co/storage/v1/object/public/car-images/1747239323808-pekt5sqrdsa.jpeg""]","{""engine"": ""2195"", ""payload"": ""1000"", ""fuelType"": ""Diesel"", ""cargoSpace"": ""L250/ l160/ H135"", ""engine_power"": ""110"", ""transmission"": ""Manual 6+1"", ""country_of_origin"": ""Olanda""}",2025-05-14 16:19:05.788839+00,2025-05-22 17:09:20.977446+00,available,nt12gcw,[],,
798eea66-db25-4a6a-8c7d-011a21441f3f,BMW X5 285 cp,"Carlig 3500kg
Vopsea originala
4x4
Perne pe spate
Interior full
",9000,2009,270000,"[""https://oyeslxindgbmargjjfox.supabase.co/storage/v1/object/public/car-images/1747243292127-1rtm4gbtahz.jpeg"",""https://oyeslxindgbmargjjfox.supabase.co/storage/v1/object/public/car-images/1747243297322-7l2d5t3ug5p.jpeg"",""https://oyeslxindgbmargjjfox.supabase.co/storage/v1/object/public/car-images/1747243302323-0ilsx7t5psih.jpeg"",""https://oyeslxindgbmargjjfox.supabase.co/storage/v1/object/public/car-images/1747243307237-ih40bbn6zbi.jpeg"",""https://oyeslxindgbmargjjfox.supabase.co/storage/v1/object/public/car-images/1747243311384-4rq71mh652b.jpeg"",""https://oyeslxindgbmargjjfox.supabase.co/storage/v1/object/public/car-images/1747243316893-8dymragim6n.jpeg"",""https://oyeslxindgbmargjjfox.supabase.co/storage/v1/object/public/car-images/1747243323931-ln3mazmqs7.jpeg"",""https://oyeslxindgbmargjjfox.supabase.co/storage/v1/object/public/car-images/1747243331581-ih8invzlcu.jpeg"",""https://oyeslxindgbmargjjfox.supabase.co/storage/v1/object/public/car-images/1747243335808-avm634wi6du.jpeg"",""https://oyeslxindgbmargjjfox.supabase.co/storage/v1/object/public/car-images/1747243341219-72p0ewlum5l.jpeg"",""https://oyeslxindgbmargjjfox.supabase.co/storage/v1/object/public/car-images/1747243346415-mz7vit6vj6.jpeg"",""https://oyeslxindgbmargjjfox.supabase.co/storage/v1/object/public/car-images/1747243353379-l25dfgrlx08.jpeg"",""https://oyeslxindgbmargjjfox.supabase.co/storage/v1/object/public/car-images/1747243358364-okljqvu469a.jpeg"",""https://oyeslxindgbmargjjfox.supabase.co/storage/v1/object/public/car-images/1747243364619-sd0zpamwbz.jpeg"",""https://oyeslxindgbmargjjfox.supabase.co/storage/v1/object/public/car-images/1747243370705-mafgeyqkirh.jpeg""]","{""engine"": ""2995"", ""payload"": ""900"", ""fuelType"": ""Diesel"", ""cargoSpace"": ""2"", ""transmission"": ""Automat""}",2025-05-14 17:23:50.30941+00,2025-05-14 17:23:50.30941+00,available,nt12gcw,[],,
7a518ed3-66d3-46a5-9d3f-dc370dff61e3,Iveco daily punte dubla,"Km demonstrabili
Carlig 3500 kg
3 locuri
Fara erori batai defecte
Vopsea originala
Varianta medie l2h2 130cp",5000,2006,110000,"[""https://oyeslxindgbmargjjfox.supabase.co/storage/v1/object/public/car-images/1747246528826-299f41s693s.jpeg"",""https://oyeslxindgbmargjjfox.supabase.co/storage/v1/object/public/car-images/1747246530166-ofa3vqpg3x.jpeg"",""https://oyeslxindgbmargjjfox.supabase.co/storage/v1/object/public/car-images/1747246530892-c9l0plhemt.jpeg"",""https://oyeslxindgbmargjjfox.supabase.co/storage/v1/object/public/car-images/1747246531509-l7vr5aks56.jpeg"",""https://oyeslxindgbmargjjfox.supabase.co/storage/v1/object/public/car-images/1747246532211-6xm5traxtq5.jpeg"",""https://oyeslxindgbmargjjfox.supabase.co/storage/v1/object/public/car-images/1747246532847-gwa7a3b7wop.jpeg"",""https://oyeslxindgbmargjjfox.supabase.co/storage/v1/object/public/car-images/1747246533542-f8tre88mjdh.jpeg"",""https://oyeslxindgbmargjjfox.supabase.co/storage/v1/object/public/car-images/1747246534471-egn9pzns1z7.jpeg""]","{""engine"": ""2800"", ""payload"": ""1400"", ""fuelType"": ""Diesel"", ""cargoSpace"": ""12"", ""transmission"": ""Manual 5+1""}",2025-05-14 18:15:47.488396+00,2025-05-14 18:15:47.488396+00,available,nt12gcw,[],,
7b634d02-b761-4f60-aa7a-fd6e01ff2ba0,"Vito 3.0 5 locuri ","Provenienta Olanda pe roti
Fara elemente revopsite
Carlig remorcare
Aer conditionat Climatronic
Pilot automat
Geamuri si oglinzi electrice
",7000,2008,350000,"[""https://oyeslxindgbmargjjfox.supabase.co/storage/v1/object/public/car-images/1747213574139-z83kuqa59b9.jpeg"",""https://oyeslxindgbmargjjfox.supabase.co/storage/v1/object/public/car-images/1747213580145-rw848wa2ptc.jpeg"",""https://oyeslxindgbmargjjfox.supabase.co/storage/v1/object/public/car-images/1747213584999-zp884f4bytb.jpeg"",""https://oyeslxindgbmargjjfox.supabase.co/storage/v1/object/public/car-images/1747213587768-f6jzfptgza5.jpeg"",""https://oyeslxindgbmargjjfox.supabase.co/storage/v1/object/public/car-images/1747213593523-n324u58mjhi.jpeg"",""https://oyeslxindgbmargjjfox.supabase.co/storage/v1/object/public/car-images/1747213598452-3zf76w82pry.jpeg"",""https://oyeslxindgbmargjjfox.supabase.co/storage/v1/object/public/car-images/1747213603040-oezm9bmwcnn.jpeg"",""https://oyeslxindgbmargjjfox.supabase.co/storage/v1/object/public/car-images/1747213607260-ts1vaiazu4o.jpeg"",""https://oyeslxindgbmargjjfox.supabase.co/storage/v1/object/public/car-images/1747213611732-2v7xivprrc3.jpeg"",""https://oyeslxindgbmargjjfox.supabase.co/storage/v1/object/public/car-images/1747213617283-2g2fapbfwqf.jpeg"",""https://oyeslxindgbmargjjfox.supabase.co/storage/v1/object/public/car-images/1747213623108-wv9hb53rfc.jpeg"",""https://oyeslxindgbmargjjfox.supabase.co/storage/v1/object/public/car-images/1747213628037-ipp6wg0r4k.jpeg"",""https://oyeslxindgbmargjjfox.supabase.co/storage/v1/object/public/car-images/1747213632189-3u3bnqq6ydp.jpeg"",""https://oyeslxindgbmargjjfox.supabase.co/storage/v1/object/public/car-images/1747213636949-eiz781qwpmt.jpeg"",""https://oyeslxindgbmargjjfox.supabase.co/storage/v1/object/public/car-images/1747213640512-btfgqew64sj.jpeg""]","{""engine"": ""2995"", ""payload"": ""1000"", ""fuelType"": ""Diesel"", ""cargoSpace"": ""L170/ l165/ H135"", ""engine_power"": ""205"", ""transmission"": ""Automat"", ""country_of_origin"": ""Olanda""}",2025-05-14 09:08:21.997935+00,2025-05-22 17:16:48.770893+00,available,nt12gcw,[],,
826f0299-b61b-4430-ae8c-1bd5ff49e21e,Vito 3 locuri,"Provenienta olanda pe roti
Fara erori batai defecte
Vopsea originala
Aer conditionat
Geamuri si oglinzi electrice
Pilot automat
Camera mansalier",8000,2017,320000,"[""https://oyeslxindgbmargjjfox.supabase.co/storage/v1/object/public/car-images/1747240036753-i52e5ef1muf.jpeg"",""https://oyeslxindgbmargjjfox.supabase.co/storage/v1/object/public/car-images/1747240040024-sm58nxpwx7c.jpeg"",""https://oyeslxindgbmargjjfox.supabase.co/storage/v1/object/public/car-images/1747240042607-cy5vaoqrzt.jpeg"",""https://oyeslxindgbmargjjfox.supabase.co/storage/v1/object/public/car-images/1747240045106-5bweqmnr6vu.jpeg"",""https://oyeslxindgbmargjjfox.supabase.co/storage/v1/object/public/car-images/1747240048729-msr2qwwh1f.jpeg"",""https://oyeslxindgbmargjjfox.supabase.co/storage/v1/object/public/car-images/1747240051976-nrag124boi.jpeg"",""https://oyeslxindgbmargjjfox.supabase.co/storage/v1/object/public/car-images/1747240054945-tetikw68whr.jpeg"",""https://oyeslxindgbmargjjfox.supabase.co/storage/v1/object/public/car-images/1747240058700-arjzaqulx4.jpeg""]","{""engine"": ""1600"", ""payload"": ""1200"", ""fuelType"": ""Diesel"", ""cargoSpace"": ""L250/ l165/ H135"", ""engine_power"": ""114"", ""transmission"": ""Manual 6+1"", ""country_of_origin"": ""Olanda""}",2025-05-14 16:31:27.143014+00,2025-05-22 17:07:09.596975+00,available,nt12gcw,[],,
8b714d28-9edf-4ee2-a67d-897f98ba8bad,"Vw transporter T5 ","Vopsea originala
Usa culisanta stanga dreapta
Model xxl maxim lung
Aer conditionat
Geamuri si oglinzi electrice
Carlig remorcare
Fara erori batai defecte",5300,2009,320000,"[""https://oyeslxindgbmargjjfox.supabase.co/storage/v1/object/public/car-images/1747239723933-p12wkvgz79m.jpeg"",""https://oyeslxindgbmargjjfox.supabase.co/storage/v1/object/public/car-images/1747239726732-fgg0y3wp718.jpeg"",""https://oyeslxindgbmargjjfox.supabase.co/storage/v1/object/public/car-images/1747239729531-3c2a0cc8ccp.jpeg"",""https://oyeslxindgbmargjjfox.supabase.co/storage/v1/object/public/car-images/1747239732667-ixe4lclbl2.jpeg"",""https://oyeslxindgbmargjjfox.supabase.co/storage/v1/object/public/car-images/1747239735282-08xk4038f0gc.jpeg"",""https://oyeslxindgbmargjjfox.supabase.co/storage/v1/object/public/car-images/1747239737925-kzu0s0mr6k.jpeg"",""https://oyeslxindgbmargjjfox.supabase.co/storage/v1/object/public/car-images/1747239741405-urmccpw9km.jpeg"",""https://oyeslxindgbmargjjfox.supabase.co/storage/v1/object/public/car-images/1747239745313-hn27idzijlp.jpeg"",""https://oyeslxindgbmargjjfox.supabase.co/storage/v1/object/public/car-images/1747239748147-domlksihuwc.jpeg"",""https://oyeslxindgbmargjjfox.supabase.co/storage/v1/object/public/car-images/1747239751055-rq35qk60fw.jpeg"",""https://oyeslxindgbmargjjfox.supabase.co/storage/v1/object/public/car-images/1747239754250-xas5s69cjti.jpeg"",""https://oyeslxindgbmargjjfox.supabase.co/storage/v1/object/public/car-images/1747239756770-6f0u3yogomq.jpeg"",""https://oyeslxindgbmargjjfox.supabase.co/storage/v1/object/public/car-images/1747239759239-xfx9gh2s6l.jpeg"",""https://oyeslxindgbmargjjfox.supabase.co/storage/v1/object/public/car-images/1747239761335-g74u24ugszt.jpeg""]","{""engine"": ""2495"", ""payload"": ""1200"", ""fuelType"": ""Diesel"", ""cargoSpace"": ""L280/ l165/ H135"", ""engine_power"": ""136"", ""transmission"": ""Automat"", ""country_of_origin"": ""Olanda""}",2025-05-14 16:25:31.944252+00,2025-05-22 17:08:13.938547+00,available,nt12gcw,[],,
96b598e2-beeb-4410-87c6-78b0c7b6380c,Vito 6 locuri,"Provenienta olanda
Fara elemente revopsite
Geamuri si oglinzi electrice
Model scurt",4000,2008,250000,"[""https://oyeslxindgbmargjjfox.supabase.co/storage/v1/object/public/car-images/1747239032521-mwfzbgi1lmd.jpeg"",""https://oyeslxindgbmargjjfox.supabase.co/storage/v1/object/public/car-images/1747239036627-6zr3x1ct4ra.jpeg"",""https://oyeslxindgbmargjjfox.supabase.co/storage/v1/object/public/car-images/1747239040498-kwg973gz85h.jpeg"",""https://oyeslxindgbmargjjfox.supabase.co/storage/v1/object/public/car-images/1747239044459-v1r5uk9qcd.jpeg"",""https://oyeslxindgbmargjjfox.supabase.co/storage/v1/object/public/car-images/1747239047585-pnh8aj8plr9.jpeg"",""https://oyeslxindgbmargjjfox.supabase.co/storage/v1/object/public/car-images/1747239051949-vdc8b8kbf0i.jpeg"",""https://oyeslxindgbmargjjfox.supabase.co/storage/v1/object/public/car-images/1747239054721-k8u8i92t22e.jpeg"",""https://oyeslxindgbmargjjfox.supabase.co/storage/v1/object/public/car-images/1747239058214-bdsmku4cd9.jpeg"",""https://oyeslxindgbmargjjfox.supabase.co/storage/v1/object/public/car-images/1747239060820-1rcv8lz2tkv.jpeg"",""https://oyeslxindgbmargjjfox.supabase.co/storage/v1/object/public/car-images/1747239064449-87ej4qtj5z2.jpeg"",""https://oyeslxindgbmargjjfox.supabase.co/storage/v1/object/public/car-images/1747239068148-ifiq14m3m2i.jpeg"",""https://oyeslxindgbmargjjfox.supabase.co/storage/v1/object/public/car-images/1747239071430-xvix77h43fi.jpeg"",""https://oyeslxindgbmargjjfox.supabase.co/storage/v1/object/public/car-images/1747239074716-rlc9107bmgs.jpeg"",""https://oyeslxindgbmargjjfox.supabase.co/storage/v1/object/public/car-images/1747239078754-70hqypy6uzr.jpeg""]","{""engine"": ""2195"", ""payload"": ""1000"", ""fuelType"": ""Diesel"", ""cargoSpace"": ""L150/ l130/ H135"", ""engine_power"": ""110"", ""transmission"": ""Manual 6+1"", ""country_of_origin"": ""Olanda""}",2025-05-14 16:13:06.548129+00,2025-05-22 17:10:40.818565+00,available,nt12gcw,[],,
99294e0a-71d2-4c0a-86f2-6b0ffa9afcfd,"Primastar vivaro trafic ","Provenienta olanda pe roti
Geamuri si oglinzi electrice
Aer conditionat
6 locuri
Carlig remorcare
Jante aluminiu
Fara elemente revopsite
Varianta lunga xxl",4500,2005,360000,"[""https://oyeslxindgbmargjjfox.supabase.co/storage/v1/object/public/car-images/1747241546389-coiqtpf83gc.jpeg"",""https://oyeslxindgbmargjjfox.supabase.co/storage/v1/object/public/car-images/1747241550425-hbmfpzz17w9.jpeg"",""https://oyeslxindgbmargjjfox.supabase.co/storage/v1/object/public/car-images/1747241555264-pem9gbrgn29.jpeg"",""https://oyeslxindgbmargjjfox.supabase.co/storage/v1/object/public/car-images/1747241562761-0d87gut9hz7i.jpeg"",""https://oyeslxindgbmargjjfox.supabase.co/storage/v1/object/public/car-images/1747241565599-c4y0snviqv5.jpeg"",""https://oyeslxindgbmargjjfox.supabase.co/storage/v1/object/public/car-images/1747241568329-cf8hmfia4pu.jpeg"",""https://oyeslxindgbmargjjfox.supabase.co/storage/v1/object/public/car-images/1747241570816-k1w0u4at7tb.jpeg"",""https://oyeslxindgbmargjjfox.supabase.co/storage/v1/object/public/car-images/1747241573758-s2kutvuem99.jpeg"",""https://oyeslxindgbmargjjfox.supabase.co/storage/v1/object/public/car-images/1747241576650-4csprab0ax7.jpeg"",""https://oyeslxindgbmargjjfox.supabase.co/storage/v1/object/public/car-images/1747241578788-plzkpdlfzsb.jpeg"",""https://oyeslxindgbmargjjfox.supabase.co/storage/v1/object/public/car-images/1747241581294-ef450n5w4yc.jpeg"",""https://oyeslxindgbmargjjfox.supabase.co/storage/v1/object/public/car-images/1747241584364-p7nm3tew12p.jpeg"",""https://oyeslxindgbmargjjfox.supabase.co/storage/v1/object/public/car-images/1747241586769-amnach8hv8a.jpeg"",""https://oyeslxindgbmargjjfox.supabase.co/storage/v1/object/public/car-images/1747241590193-wrqlkcfi5o.jpeg"",""https://oyeslxindgbmargjjfox.supabase.co/storage/v1/object/public/car-images/1747241593370-ij6op7hvwc.jpeg"",""https://oyeslxindgbmargjjfox.supabase.co/storage/v1/object/public/car-images/1747241596641-2ylp9p2nxwe.jpeg""]","{""engine"": ""1900"", ""payload"": ""1000"", ""fuelType"": ""Diesel"", ""cargoSpace"": ""L195/ l165/ H135"", ""engine_power"": ""115"", ""transmission"": ""Manual 6+1"", ""country_of_origin"": ""Olanda""}",2025-05-14 16:55:21.483749+00,2025-05-22 17:03:55.756079+00,available,nt12gcw,[],,
a43a6667-8cdf-4bb5-a68d-cc3384371c4d,VW Crafter 2.5 L1H1,"Provenienta Olanda pe roti
3 locuri in acte
Fara elemente revopsite
Aer conditionat climatronic
Geamuri si oglinzi electrice
Carlig remorcare",6000,2010,208000,"[""https://oyeslxindgbmargjjfox.supabase.co/storage/v1/object/public/car-images/1747124251978-9i7e3nc8h8.jpeg"",""https://oyeslxindgbmargjjfox.supabase.co/storage/v1/object/public/car-images/1747124247798-k8ybhr133af.jpeg"",""https://oyeslxindgbmargjjfox.supabase.co/storage/v1/object/public/car-images/1747124254557-8czw6ul5oju.jpeg"",""https://oyeslxindgbmargjjfox.supabase.co/storage/v1/object/public/car-images/1747124243307-xfigc4wh3am.jpeg"",""https://oyeslxindgbmargjjfox.supabase.co/storage/v1/object/public/car-images/1747124257305-hkb1nj0mgmq.jpeg"",""https://oyeslxindgbmargjjfox.supabase.co/storage/v1/object/public/car-images/1747124260395-5knq24cyumv.jpeg"",""https://oyeslxindgbmargjjfox.supabase.co/storage/v1/object/public/car-images/1747124263533-mqqksjb2hye.jpeg"",""https://oyeslxindgbmargjjfox.supabase.co/storage/v1/object/public/car-images/1747124266286-4mcry6qtswy.jpeg"",""https://oyeslxindgbmargjjfox.supabase.co/storage/v1/object/public/car-images/1747124269165-uqzfywerj4.jpeg"",""https://oyeslxindgbmargjjfox.supabase.co/storage/v1/object/public/car-images/1747124271943-lk0idkz3ojd.jpeg"",""https://oyeslxindgbmargjjfox.supabase.co/storage/v1/object/public/car-images/1747124274307-8t0hgjaud82.jpeg"",""https://oyeslxindgbmargjjfox.supabase.co/storage/v1/object/public/car-images/1747124277785-frwlpg4n6zk.jpeg"",""https://oyeslxindgbmargjjfox.supabase.co/storage/v1/object/public/car-images/1747124280813-k0nifzqraa.jpeg"",""https://oyeslxindgbmargjjfox.supabase.co/storage/v1/object/public/car-images/1747124283716-rn6wf62aco.jpeg"",""https://oyeslxindgbmargjjfox.supabase.co/storage/v1/object/public/car-images/1747124286383-vnbw502q6zg.jpeg"",""https://oyeslxindgbmargjjfox.supabase.co/storage/v1/object/public/car-images/1747124289266-z3mgikpldzq.jpeg"",""https://oyeslxindgbmargjjfox.supabase.co/storage/v1/object/public/car-images/1747124292426-27tr2f1bzrx.jpeg"",""https://oyeslxindgbmargjjfox.supabase.co/storage/v1/object/public/car-images/1747124297247-rexyq990t6h.jpeg""]","{""engine"": ""2495"", ""payload"": ""900"", ""fuelType"": ""Diesel"", ""cargoSpace"": ""l 180 x H 165 x L 270"", ""engine_power"": ""136"", ""transmission"": ""Manual 6+1 "", ""country_of_origin"": ""Olanda""}",2025-05-13 07:39:07.738543+00,2025-05-22 17:19:17.907029+00,available,nt12gcw,[],,
b4adce56-bee5-4b82-8637-1d97b42f7a6c,Vw Transporter T5 caravelle 9 locuri,"Provenienta Olanda
Inmatriculat in 03.2025
105 cp
Maxim de lung xxl
Fara elemente revopsite
Carlig remorcare
Aer conditionat fata si spate pasageri individual",8300,2006,205000,"[""https://oyeslxindgbmargjjfox.supabase.co/storage/v1/object/public/car-images/1747214549345-0oc2kbmq8r4.jpeg"",""https://oyeslxindgbmargjjfox.supabase.co/storage/v1/object/public/car-images/1747214554257-q0nuqbwnpo.jpeg"",""https://oyeslxindgbmargjjfox.supabase.co/storage/v1/object/public/car-images/1747214559670-g4eg0o70zd.jpeg"",""https://oyeslxindgbmargjjfox.supabase.co/storage/v1/object/public/car-images/1747214562440-ikd975cq55.jpeg"",""https://oyeslxindgbmargjjfox.supabase.co/storage/v1/object/public/car-images/1747214564935-xrnm8fzcgwi.jpeg"",""https://oyeslxindgbmargjjfox.supabase.co/storage/v1/object/public/car-images/1747214568085-jtrv188r21.jpeg"",""https://oyeslxindgbmargjjfox.supabase.co/storage/v1/object/public/car-images/1747214571624-zdhs7eaw2p.jpeg"",""https://oyeslxindgbmargjjfox.supabase.co/storage/v1/object/public/car-images/1747214575195-9b5brh4kl4a.jpeg"",""https://oyeslxindgbmargjjfox.supabase.co/storage/v1/object/public/car-images/1747214578326-itu8u66w21.jpeg"",""https://oyeslxindgbmargjjfox.supabase.co/storage/v1/object/public/car-images/1747214581227-fvv34adhgsw.jpeg"",""https://oyeslxindgbmargjjfox.supabase.co/storage/v1/object/public/car-images/1747214583616-0pfy7ldkwob.jpeg"",""https://oyeslxindgbmargjjfox.supabase.co/storage/v1/object/public/car-images/1747214586830-l5pu7mjbidc.jpeg"",""https://oyeslxindgbmargjjfox.supabase.co/storage/v1/object/public/car-images/1747214588962-h8re1ehbgea.jpeg"",""https://oyeslxindgbmargjjfox.supabase.co/storage/v1/object/public/car-images/1747214591355-tt0hldx76o.jpeg"",""https://oyeslxindgbmargjjfox.supabase.co/storage/v1/object/public/car-images/1747214593391-w29i03z2zu.jpeg""]","{""engine"": ""1895"", ""payload"": ""1000"", ""fuelType"": ""Diesel"", ""cargoSpace"": ""234"", ""transmission"": ""Manual 5+1""}",2025-05-14 09:35:17.707751+00,2025-05-14 09:35:17.707751+00,available,nt12gcw,[],,
bacb0799-96ec-4857-9819-d51968b8261c,Caddy euro5,"Vopsea originala
Fara erori batai defecte
Aer conditionat climatronic
Geamuri si oglinzi electrice",5000,2012,220000,"[""https://oyeslxindgbmargjjfox.supabase.co/storage/v1/object/public/car-images/1747242862060-l5ff0t7zeum.jpeg"",""https://oyeslxindgbmargjjfox.supabase.co/storage/v1/object/public/car-images/1747242866795-hxm4in6d1qn.jpeg"",""https://oyeslxindgbmargjjfox.supabase.co/storage/v1/object/public/car-images/1747242871842-t2a79ly52dr.jpeg"",""https://oyeslxindgbmargjjfox.supabase.co/storage/v1/object/public/car-images/1747242876868-a7gtxftp35e.jpeg"",""https://oyeslxindgbmargjjfox.supabase.co/storage/v1/object/public/car-images/1747242880641-wgbg7b88jp.jpeg"",""https://oyeslxindgbmargjjfox.supabase.co/storage/v1/object/public/car-images/1747242885835-6bnhyvj8dwi.jpeg"",""https://oyeslxindgbmargjjfox.supabase.co/storage/v1/object/public/car-images/1747242891659-0blymkokpi18.jpeg"",""https://oyeslxindgbmargjjfox.supabase.co/storage/v1/object/public/car-images/1747242898523-ucjr8sjqo6g.jpeg"",""https://oyeslxindgbmargjjfox.supabase.co/storage/v1/object/public/car-images/1747242903732-fbqct0syfpl.jpeg"",""https://oyeslxindgbmargjjfox.supabase.co/storage/v1/object/public/car-images/1747242909583-pxvehaobpad.jpeg"",""https://oyeslxindgbmargjjfox.supabase.co/storage/v1/object/public/car-images/1747242914203-3ygbxknzzk5.jpeg"",""https://oyeslxindgbmargjjfox.supabase.co/storage/v1/object/public/car-images/1747242920658-bpx36tr2wnu.jpeg""]","{""engine"": ""1600"", ""payload"": ""900"", ""fuelType"": ""Diesel"", ""cargoSpace"": ""L175/ l150/ H123"", ""engine_power"": ""105"", ""transmission"": ""Manual 5+1"", ""country_of_origin"": ""Olanda""}",2025-05-14 17:16:27.778938+00,2025-05-22 16:59:34.543152+00,available,nt12gcw,[],,
bd50a5f9-78df-4981-873f-18ac169a5d5f,Vw transporter T5,"Provenienta olanda
Maxim de lung xxl
Carlig remorcare
115 cp
Aer conditionat climateonic
Geamuri si oglinzi electrice
Fara erori batai defecte
Navigatie mare",9000,2014,240000,"[""https://oyeslxindgbmargjjfox.supabase.co/storage/v1/object/public/car-images/1747241227963-jqxadgo102b.jpeg"",""https://oyeslxindgbmargjjfox.supabase.co/storage/v1/object/public/car-images/1747241231578-tevl5znamv.jpeg"",""https://oyeslxindgbmargjjfox.supabase.co/storage/v1/object/public/car-images/1747241238061-87emvu53bkp.jpeg"",""https://oyeslxindgbmargjjfox.supabase.co/storage/v1/object/public/car-images/1747241241553-adkdcwubbrm.jpeg"",""https://oyeslxindgbmargjjfox.supabase.co/storage/v1/object/public/car-images/1747241243983-gyhaenfpd9v.jpeg"",""https://oyeslxindgbmargjjfox.supabase.co/storage/v1/object/public/car-images/1747241246153-n972m494zks.jpeg"",""https://oyeslxindgbmargjjfox.supabase.co/storage/v1/object/public/car-images/1747241248555-xgqbvgujan.jpeg"",""https://oyeslxindgbmargjjfox.supabase.co/storage/v1/object/public/car-images/1747241250834-l09rgzj2qlr.jpeg"",""https://oyeslxindgbmargjjfox.supabase.co/storage/v1/object/public/car-images/1747241253173-0jrscikuho0r.jpeg"",""https://oyeslxindgbmargjjfox.supabase.co/storage/v1/object/public/car-images/1747241255598-rjmeamfu98.jpeg"",""https://oyeslxindgbmargjjfox.supabase.co/storage/v1/object/public/car-images/1747241257938-gm7ubhtlg8q.jpeg"",""https://oyeslxindgbmargjjfox.supabase.co/storage/v1/object/public/car-images/1747241261029-oc6rbgjvamg.jpeg"",""https://oyeslxindgbmargjjfox.supabase.co/storage/v1/object/public/car-images/1747241262846-ngzeu781n5.jpeg"",""https://oyeslxindgbmargjjfox.supabase.co/storage/v1/object/public/car-images/1747241264827-ye119dzmrt7.jpeg"",""https://oyeslxindgbmargjjfox.supabase.co/storage/v1/object/public/car-images/1747241267069-sa85o9a6cvm.jpeg""]","{""engine"": ""2000"", ""payload"": ""1000"", ""fuelType"": ""Diesel"", ""cargoSpace"": ""L200/ l160/ H140"", ""engine_power"": ""115"", ""transmission"": ""Manual 5+1"", ""country_of_origin"": ""Olanda""}",2025-05-14 16:51:03.666419+00,2025-05-22 17:05:03.982566+00,available,nt12gcw,[],,
ca23772c-cef1-4682-bc72-5ea003776555,Crafter L2H2,"Km originali
Culoare alb negru e colant
Aer conditionat
Geamuri si oglinzi electrice
Carlig remorcare",5500,2009,270000,"[""https://oyeslxindgbmargjjfox.supabase.co/storage/v1/object/public/car-images/1747242559793-f1u53xvdgu9.jpeg"",""https://oyeslxindgbmargjjfox.supabase.co/storage/v1/object/public/car-images/1747242562904-5urc0kmp9hu.jpeg"",""https://oyeslxindgbmargjjfox.supabase.co/storage/v1/object/public/car-images/1747242566152-9fcp4t3898g.jpeg"",""https://oyeslxindgbmargjjfox.supabase.co/storage/v1/object/public/car-images/1747242568216-ij3uxwf1fzd.jpeg"",""https://oyeslxindgbmargjjfox.supabase.co/storage/v1/object/public/car-images/1747242570511-qi1si4l14wp.jpeg"",""https://oyeslxindgbmargjjfox.supabase.co/storage/v1/object/public/car-images/1747242572666-5ym7lwk1725.jpeg"",""https://oyeslxindgbmargjjfox.supabase.co/storage/v1/object/public/car-images/1747242574546-upcdybccvje.jpeg"",""https://oyeslxindgbmargjjfox.supabase.co/storage/v1/object/public/car-images/1747242576913-56g9l538j1o.jpeg"",""https://oyeslxindgbmargjjfox.supabase.co/storage/v1/object/public/car-images/1747242578951-hulxcx01v3v.jpeg"",""https://oyeslxindgbmargjjfox.supabase.co/storage/v1/object/public/car-images/1747242581359-7u3jthtz219.jpeg"",""https://oyeslxindgbmargjjfox.supabase.co/storage/v1/object/public/car-images/1747242583938-iwfs21wfdp.jpeg"",""https://oyeslxindgbmargjjfox.supabase.co/storage/v1/object/public/car-images/1747242587381-mrxq7utdn6c.jpeg"",""https://oyeslxindgbmargjjfox.supabase.co/storage/v1/object/public/car-images/1747242595656-a27a4hbj90i.jpeg"",""https://oyeslxindgbmargjjfox.supabase.co/storage/v1/object/public/car-images/1747242606224-3aiwn3uxd1q.jpeg"",""https://oyeslxindgbmargjjfox.supabase.co/storage/v1/object/public/car-images/1747242612935-n0xr6kgcuhb.jpeg"",""https://oyeslxindgbmargjjfox.supabase.co/storage/v1/object/public/car-images/1747242623414-t8ylf6vcwm.jpeg""]","{""engine"": ""2500"", ""payload"": ""1400"", ""fuelType"": ""Diesel"", ""cargoSpace"": ""L335/ l175/ H190"", ""engine_power"": ""136"", ""transmission"": ""Manual 6+1"", ""country_of_origin"": ""Olanda""}",2025-05-14 17:12:47.236705+00,2025-05-22 17:00:52.042199+00,available,nt12gcw,[],,
cb71a4dc-b0d9-464e-8aad-17cfd53f643a,Caddy 105 cp,"Vopsea originala
Geamuri si oglinzi electrice
Aer conditionat
Jante aluminiu
Carlig remorcare
Sistem audio original",3700,2008,250000,"[""https://oyeslxindgbmargjjfox.supabase.co/storage/v1/object/public/car-images/1747243056472-r804a6r1anc.jpeg"",""https://oyeslxindgbmargjjfox.supabase.co/storage/v1/object/public/car-images/1747243060811-mrnws3n06z.jpeg"",""https://oyeslxindgbmargjjfox.supabase.co/storage/v1/object/public/car-images/1747243064098-pa4z6xbjmu.jpeg"",""https://oyeslxindgbmargjjfox.supabase.co/storage/v1/object/public/car-images/1747243068325-0npxthyrszs.jpeg"",""https://oyeslxindgbmargjjfox.supabase.co/storage/v1/object/public/car-images/1747243072507-80r1pwiuggx.jpeg"",""https://oyeslxindgbmargjjfox.supabase.co/storage/v1/object/public/car-images/1747243076585-xw121b0xp9o.jpeg"",""https://oyeslxindgbmargjjfox.supabase.co/storage/v1/object/public/car-images/1747243081248-gx137t0qir.jpeg"",""https://oyeslxindgbmargjjfox.supabase.co/storage/v1/object/public/car-images/1747243086160-zne3q6b8mir.jpeg"",""https://oyeslxindgbmargjjfox.supabase.co/storage/v1/object/public/car-images/1747243090283-j7rb2xwotps.jpeg"",""https://oyeslxindgbmargjjfox.supabase.co/storage/v1/object/public/car-images/1747243094922-9iorz0pr2al.jpeg"",""https://oyeslxindgbmargjjfox.supabase.co/storage/v1/object/public/car-images/1747243099812-tskdb9fz4b.jpeg"",""https://oyeslxindgbmargjjfox.supabase.co/storage/v1/object/public/car-images/1747243104950-te35upo1usl.jpeg""]","{""engine"": ""1900"", ""payload"": ""900"", ""fuelType"": ""Diesel"", ""cargoSpace"": ""L175/ l150/ H123"", ""engine_power"": ""105"", ""transmission"": ""Manual 5+1"", ""country_of_origin"": ""Olanda""}",2025-05-14 17:20:34.292167+00,2025-05-22 16:58:38.842208+00,available,nt12gcw,[],,
d4381c9b-d836-42c7-bae0-65cdecb20913,Mercedes Ml 270 4x4,"Provenienta olanda pe roti
Carlig 3365 kg
Jante aluminiu cauciucuri noi
Vopsea originala fara rugina
Scaune electrice si incalzite
Aer conditionat climatronic
Pilot automat
Fara erori batai defecte
Xenon
Praguri iluminate",3800,2004,500000,"[""https://oyeslxindgbmargjjfox.supabase.co/storage/v1/object/public/car-images/1747243509146-eo1cidkd349.jpeg"",""https://oyeslxindgbmargjjfox.supabase.co/storage/v1/object/public/car-images/1747243515233-4qvc6fuqyio.jpeg"",""https://oyeslxindgbmargjjfox.supabase.co/storage/v1/object/public/car-images/1747243522272-edukoc3sfg.jpeg"",""https://oyeslxindgbmargjjfox.supabase.co/storage/v1/object/public/car-images/1747243528911-psgnysf4hui.jpeg"",""https://oyeslxindgbmargjjfox.supabase.co/storage/v1/object/public/car-images/1747243534401-cw07fw8ymy.jpeg"",""https://oyeslxindgbmargjjfox.supabase.co/storage/v1/object/public/car-images/1747243539451-nzmgqw7vmfn.jpeg"",""https://oyeslxindgbmargjjfox.supabase.co/storage/v1/object/public/car-images/1747243546076-9ro87k2bacn.jpeg"",""https://oyeslxindgbmargjjfox.supabase.co/storage/v1/object/public/car-images/1747243550680-i2ezh9sfifk.jpeg"",""https://oyeslxindgbmargjjfox.supabase.co/storage/v1/object/public/car-images/1747243554586-0pu56obd9ezr.jpeg"",""https://oyeslxindgbmargjjfox.supabase.co/storage/v1/object/public/car-images/1747243558498-5y55pi83t4.jpeg"",""https://oyeslxindgbmargjjfox.supabase.co/storage/v1/object/public/car-images/1747243562164-2iia6q8g18p.jpeg"",""https://oyeslxindgbmargjjfox.supabase.co/storage/v1/object/public/car-images/1747243567143-olb6q2ebavc.jpeg"",""https://oyeslxindgbmargjjfox.supabase.co/storage/v1/object/public/car-images/1747243574731-txxiodk1f39.jpeg"",""https://oyeslxindgbmargjjfox.supabase.co/storage/v1/object/public/car-images/1747243579599-4ad6npwthdg.jpeg"",""https://oyeslxindgbmargjjfox.supabase.co/storage/v1/object/public/car-images/1747243585650-7vf5pcrtmvb.jpeg"",""https://oyeslxindgbmargjjfox.supabase.co/storage/v1/object/public/car-images/1747243589247-2khnu4d59dm.jpeg"",""https://oyeslxindgbmargjjfox.supabase.co/storage/v1/object/public/car-images/1747243593889-xsp3lw55m0s.jpeg""]","{""engine"": ""2700"", ""payload"": ""900"", ""fuelType"": ""Diesel"", ""cargoSpace"": ""2"", ""transmission"": ""Automat""}",2025-05-14 17:30:24.18619+00,2025-05-14 17:30:24.18619+00,available,nt12gcw,[],,
d5b440a6-9c5d-4f64-a10e-aa74eefb94fa,Crafter euro5 frig,"Frigo izoterma temperatura controlata refrigerate 0-10 g
3 locuri
Culoare alb
Negru este colant
Merge intrerupt eroare pe injector",7000,2014,240000,"[""https://oyeslxindgbmargjjfox.supabase.co/storage/v1/object/public/car-images/1747244268225-bm2vir2b7ub.jpeg"",""https://oyeslxindgbmargjjfox.supabase.co/storage/v1/object/public/car-images/1747244274656-dk5qt6st4z.jpeg"",""https://oyeslxindgbmargjjfox.supabase.co/storage/v1/object/public/car-images/1747244280637-26uma1msac4.jpeg"",""https://oyeslxindgbmargjjfox.supabase.co/storage/v1/object/public/car-images/1747244287005-jz1z546bp1.jpeg"",""https://oyeslxindgbmargjjfox.supabase.co/storage/v1/object/public/car-images/1747244290859-51rkca06mdw.jpeg"",""https://oyeslxindgbmargjjfox.supabase.co/storage/v1/object/public/car-images/1747244295319-qz4h3f35x3.jpeg"",""https://oyeslxindgbmargjjfox.supabase.co/storage/v1/object/public/car-images/1747244299342-v4e1hkxmza.jpeg"",""https://oyeslxindgbmargjjfox.supabase.co/storage/v1/object/public/car-images/1747244302616-r1wut06xis8.jpeg"",""https://oyeslxindgbmargjjfox.supabase.co/storage/v1/object/public/car-images/1747244306290-pn6evgjlke.jpeg"",""https://oyeslxindgbmargjjfox.supabase.co/storage/v1/object/public/car-images/1747244310040-hz9bqid6c0t.jpeg"",""https://oyeslxindgbmargjjfox.supabase.co/storage/v1/object/public/car-images/1747244313436-z5jmbyao7v.jpeg"",""https://oyeslxindgbmargjjfox.supabase.co/storage/v1/object/public/car-images/1747244316649-mvsg77iod6.jpeg""]","{""engine"": ""2000"", ""payload"": ""1400"", ""fuelType"": ""Diesel"", ""cargoSpace"": ""L310/ l170/ H175"", ""engine_power"": ""136"", ""transmission"": ""Manual 6+1"", ""country_of_origin"": ""Olanda""}",2025-05-14 17:41:29.131974+00,2025-05-22 16:33:18.111498+00,available,nt12gcw,[],,
da527965-22cd-4e80-a01d-18097d2b5e70,"Sprinter 313 euro5 ","Frig frigorific temperatura controlata
Refrigerate 0-10 g
Aer conditionat
Geamuri si oglinzi electrice
Model mediu l2h2
Vopsea originala",10000,2012,295000,"[""https://oyeslxindgbmargjjfox.supabase.co/storage/v1/object/public/car-images/1747934528903-josmkre2fxq.jpeg"",""https://oyeslxindgbmargjjfox.supabase.co/storage/v1/object/public/car-images/1747934532087-3ed2h3sc9h4.jpeg"",""https://oyeslxindgbmargjjfox.supabase.co/storage/v1/object/public/car-images/1747934535021-44go9ne0zwo.jpeg"",""https://oyeslxindgbmargjjfox.supabase.co/storage/v1/object/public/car-images/1747934538165-0wm7dln7edho.jpeg"",""https://oyeslxindgbmargjjfox.supabase.co/storage/v1/object/public/car-images/1747934541142-73qemhxhc4b.jpeg"",""https://oyeslxindgbmargjjfox.supabase.co/storage/v1/object/public/car-images/1747934544102-o37b6aauins.jpeg"",""https://oyeslxindgbmargjjfox.supabase.co/storage/v1/object/public/car-images/1747934546897-xk4oxc6ipxi.jpeg"",""https://oyeslxindgbmargjjfox.supabase.co/storage/v1/object/public/car-images/1747934549402-fnyg99b2is.jpeg"",""https://oyeslxindgbmargjjfox.supabase.co/storage/v1/object/public/car-images/1747934551809-aiumob3t63g.jpeg"",""https://oyeslxindgbmargjjfox.supabase.co/storage/v1/object/public/car-images/1747934554973-g3brsnnl4h.jpeg"",""https://oyeslxindgbmargjjfox.supabase.co/storage/v1/object/public/car-images/1747934557041-n96wcoz8h7.jpeg"",""https://oyeslxindgbmargjjfox.supabase.co/storage/v1/object/public/car-images/1747934558796-1j7gfnb8clz.jpeg"",""https://oyeslxindgbmargjjfox.supabase.co/storage/v1/object/public/car-images/1747934562168-ht3m9bw2d5j.jpeg""]","{""engine"": ""2200"", ""payload"": ""1400"", ""fuelType"": ""Diesel"", ""cargoSpace"": ""L310/ l170/ H175"", ""engine_power"": ""130"", ""transmission"": ""Manual 6+1"", ""country_of_origin"": ""Olanda""}",2025-05-14 17:36:00.167078+00,2025-05-22 17:23:19.959975+00,available,nt12gcw,[],,
e8b97a3b-c291-4707-a87b-4cd74f22912d,Vito 3.0 3 locuri,"Provenienta Belgia
Aer conditionat climatronic
Camera mansalier
Senzori parcare
Navigatie mare android
Perne pe spate
Carlig remorcare",6000,2008,310000,"[""https://oyeslxindgbmargjjfox.supabase.co/storage/v1/object/public/car-images/1747214254704-uxekw3lc1ta.jpeg"",""https://oyeslxindgbmargjjfox.supabase.co/storage/v1/object/public/car-images/1747214261754-hfkdodo1o65.jpeg"",""https://oyeslxindgbmargjjfox.supabase.co/storage/v1/object/public/car-images/1747214265983-tjxznfj5qhc.jpeg"",""https://oyeslxindgbmargjjfox.supabase.co/storage/v1/object/public/car-images/1747214271842-3mu6s044ye6.jpeg"",""https://oyeslxindgbmargjjfox.supabase.co/storage/v1/object/public/car-images/1747214275558-0tplelaowfqd.jpeg"",""https://oyeslxindgbmargjjfox.supabase.co/storage/v1/object/public/car-images/1747214279019-be3vmkksucw.jpeg"",""https://oyeslxindgbmargjjfox.supabase.co/storage/v1/object/public/car-images/1747214282967-vz86eay9hy.jpeg"",""https://oyeslxindgbmargjjfox.supabase.co/storage/v1/object/public/car-images/1747214287447-35o2ab5ejko.jpeg"",""https://oyeslxindgbmargjjfox.supabase.co/storage/v1/object/public/car-images/1747214291542-2c3yn5il446.jpeg"",""https://oyeslxindgbmargjjfox.supabase.co/storage/v1/object/public/car-images/1747214296411-fhpzqkc503e.jpeg"",""https://oyeslxindgbmargjjfox.supabase.co/storage/v1/object/public/car-images/1747214299917-tred7pw56lr.jpeg"",""https://oyeslxindgbmargjjfox.supabase.co/storage/v1/object/public/car-images/1747214306244-wdgltgg9p6.jpeg"",""https://oyeslxindgbmargjjfox.supabase.co/storage/v1/object/public/car-images/1747214309815-6yvfoiib5my.jpeg"",""https://oyeslxindgbmargjjfox.supabase.co/storage/v1/object/public/car-images/1747214313687-p4cdn9vt6.jpeg"",""https://oyeslxindgbmargjjfox.supabase.co/storage/v1/object/public/car-images/1747214318005-7ld5ynpby8.jpeg"",""https://oyeslxindgbmargjjfox.supabase.co/storage/v1/object/public/car-images/1747214321588-rzaxiy5r6ug.jpeg""]","{""engine"": ""2995"", ""payload"": ""1000"", ""fuelType"": ""Diesel"", ""cargoSpace"": ""L240/ l160/ H135"", ""engine_power"": ""205"", ""transmission"": ""Automat"", ""country_of_origin"": ""Belgia""}",2025-05-14 09:19:24.906753+00,2025-05-22 17:14:03.857665+00,available,nt12gcw,[],,
f7114780-d612-4a92-8539-d4566f1ff5c0,Vw Tiguan 4x4,"Provenienta Italia
Inmatriculat nov 2023
Km demonstrabili
Interior alcantara
Bord virtual
Navigatie mare
Jante aluminiu 18",21000,2018,190000,"[""https://oyeslxindgbmargjjfox.supabase.co/storage/v1/object/public/car-images/1747244926254-3qv32xoztgt.jpeg"",""https://oyeslxindgbmargjjfox.supabase.co/storage/v1/object/public/car-images/1747244933793-nv50ydnhby.jpeg"",""https://oyeslxindgbmargjjfox.supabase.co/storage/v1/object/public/car-images/1747244946614-j30d74jzxe.jpeg"",""https://oyeslxindgbmargjjfox.supabase.co/storage/v1/object/public/car-images/1747244965390-svudjoq2sep.jpeg"",""https://oyeslxindgbmargjjfox.supabase.co/storage/v1/object/public/car-images/1747244975793-yl4wglhe41.jpeg"",""https://oyeslxindgbmargjjfox.supabase.co/storage/v1/object/public/car-images/1747244987308-h1a9akddv2p.jpeg"",""https://oyeslxindgbmargjjfox.supabase.co/storage/v1/object/public/car-images/1747244993493-x7szmeazqzq.jpeg"",""https://oyeslxindgbmargjjfox.supabase.co/storage/v1/object/public/car-images/1747245002097-9h1dg7z26wv.jpeg"",""https://oyeslxindgbmargjjfox.supabase.co/storage/v1/object/public/car-images/1747245010567-6nzph6f5cqb.jpeg"",""https://oyeslxindgbmargjjfox.supabase.co/storage/v1/object/public/car-images/1747245017215-5bmb7v8ot87.jpeg"",""https://oyeslxindgbmargjjfox.supabase.co/storage/v1/object/public/car-images/1747245022871-bylmxk8d4pk.jpeg"",""https://oyeslxindgbmargjjfox.supabase.co/storage/v1/object/public/car-images/1747245034448-z4j4gyt502f.jpeg"",""https://oyeslxindgbmargjjfox.supabase.co/storage/v1/object/public/car-images/1747245040236-3g6fnlqiyjc.jpeg"",""https://oyeslxindgbmargjjfox.supabase.co/storage/v1/object/public/car-images/1747245046311-eh5fsqhou95.jpeg"",""https://oyeslxindgbmargjjfox.supabase.co/storage/v1/object/public/car-images/1747245051158-m1hiapoibtl.jpeg"",""https://oyeslxindgbmargjjfox.supabase.co/storage/v1/object/public/car-images/1747245058423-1zynf9pp4nj.jpeg"",""https://oyeslxindgbmargjjfox.supabase.co/storage/v1/object/public/car-images/1747245064905-j2921aojn3.jpeg""]","{""engine"": ""2000"", ""payload"": ""900"", ""fuelType"": ""Diesel"", ""cargoSpace"": ""2"", ""transmission"": ""Automat""}",2025-05-14 17:52:27.362098+00,2025-05-14 17:52:27.362098+00,available,nt12gcw,[],,
facc463e-8f90-4aae-884e-df3a819a3e63,"Caddy ","Vopsea originala
Aer conditionat
Geamuri si oglinzi electrice
Fara erori batai defecte
105 cp",3700,2010,310000,"[""https://oyeslxindgbmargjjfox.supabase.co/storage/v1/object/public/car-images/1747242129412-mbhwb5kn7n.jpeg"",""https://oyeslxindgbmargjjfox.supabase.co/storage/v1/object/public/car-images/1747242135879-qd32o45kwo.jpeg"",""https://oyeslxindgbmargjjfox.supabase.co/storage/v1/object/public/car-images/1747242142914-85ljmcb3pkq.jpeg"",""https://oyeslxindgbmargjjfox.supabase.co/storage/v1/object/public/car-images/1747242149966-vuta8pcczdo.jpeg"",""https://oyeslxindgbmargjjfox.supabase.co/storage/v1/object/public/car-images/1747242158536-7er2nygt87y.jpeg"",""https://oyeslxindgbmargjjfox.supabase.co/storage/v1/object/public/car-images/1747242167776-19o9coya2kf.jpeg"",""https://oyeslxindgbmargjjfox.supabase.co/storage/v1/object/public/car-images/1747242177629-vnuz9679hp.jpeg"",""https://oyeslxindgbmargjjfox.supabase.co/storage/v1/object/public/car-images/1747242184463-m04b5mrtrdc.jpeg"",""https://oyeslxindgbmargjjfox.supabase.co/storage/v1/object/public/car-images/1747242191976-f1wlv9hcla.jpeg"",""https://oyeslxindgbmargjjfox.supabase.co/storage/v1/object/public/car-images/1747242202540-9q77jthfuru.jpeg"",""https://oyeslxindgbmargjjfox.supabase.co/storage/v1/object/public/car-images/1747242206300-3r339k9rmiq.jpeg"",""https://oyeslxindgbmargjjfox.supabase.co/storage/v1/object/public/car-images/1747242210320-k9mf3no9c8l.jpeg"",""https://oyeslxindgbmargjjfox.supabase.co/storage/v1/object/public/car-images/1747242213951-d8plbnaxqaw.jpeg""]","{""engine"": ""1900"", ""payload"": ""1000"", ""fuelType"": ""Diesel"", ""cargoSpace"": ""L175/ l150/ H123"", ""engine_power"": ""105"", ""transmission"": ""Manual 5+1"", ""country_of_origin"": ""Olanda""}",2025-05-14 17:05:07.031716+00,2025-05-22 17:01:55.439075+00,available,nt12gcw,[],,